{
  "100x1kb": {
    "n_files": 100,
    "size_kb": 1,
    "go": {
      "total_ms": 114.80830499931471,
      "n_files": 100,
      "per_file_ms": 1.1480830499931471,
      "p50_ms": 0.7808109999999999,
      "p95_ms": 1.396108,
      "crypto_total_ms": 88.978021,
      "n_measured": 100
    },
    "java": {
      "total_ms": 1688.2514160006394,
      "n_files": 100,
      "per_file_ms": 16.882514160006394,
      "p50_ms": 1.702254,
      "p95_ms": 3.3526949999999998,
      "crypto_total_ms": 273.418381,
      "n_measured": 100
    }
  },
  "100x10kb": {
    "n_files": 100,
    "size_kb": 10,
    "go": {
      "total_ms": 149.2835000008199,
      "n_files": 100,
      "per_file_ms": 1.4928350000081991,
      "p50_ms": 1.1382240000000001,
      "p95_ms": 1.459538,
      "crypto_total_ms": 120.957894,
      "n_measured": 100
    },
    "java": {
      "total_ms": 1668.6874070001068,
      "n_files": 100,
      "per_file_ms": 16.686874070001068,
      "p50_ms": 1.9517795,
      "p95_ms": 4.260452,
      "crypto_total_ms": 298.080514,
      "n_measured": 100
    }
  },
  "100x100kb": {
    "n_files": 100,
    "size_kb": 100,
    "go": {
      "total_ms": 784.4440949993441,
      "n_files": 100,
      "per_file_ms": 7.844440949993441,
      "p50_ms": 6.988264,
      "p95_ms": 8.755834,
      "crypto_total_ms": 717.408644,
      "n_measured": 100
    },
    "java": {
      "total_ms": 1970.4489760006254,
      "n_files": 100,
      "per_file_ms": 19.704489760006254,
      "p50_ms": 4.773661000000001,
      "p95_ms": 9.20662,
      "crypto_total_ms": 614.022473,
      "n_measured": 100
    }
  },
  "500x1kb": {
    "n_files": 500,
    "size_kb": 1,
    "go": {
      "total_ms": 598.4619760001806,
      "n_files": 500,
      "per_file_ms": 1.1969239520003612,
      "p50_ms": 0.9729414999999999,
      "p95_ms": 1.6337220000000001,
      "crypto_total_ms": 522.317831,
      "n_measured": 500
    },
    "java": {
      "total_ms": 2232.1685470014927,
      "n_files": 500,
      "per_file_ms": 4.464337094002985,
      "p50_ms": 1.19813,
      "p95_ms": 2.191164,
      "crypto_total_ms": 758.667064,
      "n_measured": 500
    }
  },
  "500x10kb": {
    "n_files": 500,
    "size_kb": 10,
    "go": {
      "total_ms": 727.5821469993389,
      "n_files": 500,
      "per_file_ms": 1.4551642939986777,
      "p50_ms": 1.178102,
      "p95_ms": 1.8114119999999998,
      "crypto_total_ms": 635.526277,
      "n_measured": 500
    },
    "java": {
      "total_ms": 2339.541339999414,
      "n_files": 500,
      "per_file_ms": 4.679082679998828,
      "p50_ms": 1.3931580000000001,
      "p95_ms": 2.6738809999999997,
      "crypto_total_ms": 862.34116,
      "n_measured": 500
    }
  },
  "500x100kb": {
    "n_files": 500,
    "size_kb": 100,
    "go": {
      "total_ms": 3768.599932998768,
      "n_files": 500,
      "per_file_ms": 7.537199865997536,
      "p50_ms": 6.853310499999999,
      "p95_ms": 9.049669,
      "crypto_total_ms": 3551.100778,
      "n_measured": 500
    },
    "java": {
      "total_ms": 3821.61153099878,
      "n_files": 500,
      "per_file_ms": 7.64322306199756,
      "p50_ms": 4.2987945,
      "p95_ms": 5.798897,
      "crypto_total_ms": 2294.54921,
      "n_measured": 500
    }
  },
  "1000x1kb": {
    "n_files": 1000,
    "size_kb": 1,
    "go": {
      "total_ms": 1047.7442579995113,
      "n_files": 1000,
      "per_file_ms": 1.0477442579995113,
      "p50_ms": 0.8332035,
      "p95_ms": 1.392499,
      "crypto_total_ms": 930.616963,
      "n_measured": 1000
    },
    "java": {
      "total_ms": 2883.3275369997864,
      "n_files": 1000,
      "per_file_ms": 2.8833275369997864,
      "p50_ms": 1.0778745,
      "p95_ms": 1.716158,
      "crypto_total_ms": 1250.785259,
      "n_measured": 1000
    }
  },
  "1000x10kb": {
    "n_files": 1000,
    "size_kb": 10,
    "go": {
      "total_ms": 1422.6951830005419,
      "n_files": 1000,
      "per_file_ms": 1.4226951830005419,
      "p50_ms": 1.2033835,
      "p95_ms": 1.677632,
      "crypto_total_ms": 1264.844226,
      "n_measured": 1000
    },
    "java": {
      "total_ms": 3227.7015800009394,
      "n_files": 1000,
      "per_file_ms": 3.2277015800009394,
      "p50_ms": 1.2838289999999999,
      "p95_ms": 2.077798,
      "crypto_total_ms": 1505.347036,
      "n_measured": 1000
    }
  },
  "1000x100kb": {
    "n_files": 1000,
    "size_kb": 100,
    "go": {
      "total_ms": 7395.042275999003,
      "n_files": 1000,
      "per_file_ms": 7.395042275999003,
      "p50_ms": 6.8616845,
      "p95_ms": 7.970492,
      "crypto_total_ms": 7002.41922,
      "n_measured": 1000
    },
    "java": {
      "total_ms": 6381.133062999652,
      "n_files": 1000,
      "per_file_ms": 6.381133062999652,
      "p50_ms": 4.1954685000000005,
      "p95_ms": 5.69481,
      "crypto_total_ms": 4440.367487,
      "n_measured": 1000
    }
  }
}